{
  "train": {
    "ccc": 0.7381563186645508,
    "rmse": 4.4649338722229,
    "mae": 3.4717752933502197,
    "mse": 19.935636520385742
  },
  "validation": {
    "ccc": 0.5744972825050354,
    "rmse": 5.613718509674072,
    "mae": 4.244154453277588,
    "mse": 31.51383399963379
  },
  "test": {
    "ccc": 0.5362012386322021,
    "rmse": 6.3084187507629395,
    "mae": 4.557890892028809,
    "mse": 39.796146392822266
  },
  "best_epoch": 15,
  "training_time_s": 57.337388685000406
}