{
  "train": {
    "ccc": 0.7807078765399303,
    "rmse": 3.67866587638855,
    "mae": 3.004333019256592,
    "mse": 13.532583236694336
  },
  "validation": {
    "ccc": 0.5597641139775961,
    "rmse": 4.856081485748291,
    "mae": 3.5282607078552246,
    "mse": 23.58152961730957
  },
  "test": {
    "ccc": 0.4826928961394324,
    "rmse": 5.348167419433594,
    "mae": 4.2470316886901855,
    "mse": 28.602895736694336
  },
  "best_epoch": 18,
  "training_time_s": 137.21699926600013
}