{
  "train_loss": [
    1.258275372641427,
    1.2630863359996252,
    1.1499183518545968,
    1.1129840016365051,
    1.0948203461510795,
    0.9746630276952472,
    0.9832639694213867,
    0.8729074001312256,
    0.7668516124997821,
    0.637177084173475,
    0.5733323863574437,
    0.6204731123788017,
    0.6427947751113346,
    0.5320503754275185,
    0.5220791186605181,
    0.5110036730766296,
    0.5250355771609715,
    0.42833935362952097,
    0.46153418506894794,
    0.4251943826675415,
    0.414720105273383,
    0.4763656939779009,
    0.36318862651075634,
    0.461813075201852,
    0.4045711372579847,
    0.37297816361699787,
    0.36523786187171936,
    0.4522857538291386,
    0.327926048210689,
    0.3549871934311731,
    0.328831855739866,
    0.3822243022067206,
    0.35807980597019196,
    0.4093939789703914,
    0.3638349345752171,
    0.3547668159008026,
    0.39453878573008944,
    0.39292510066713604,
    0.25873259135654997,
    0.3326125570705959,
    0.36569060385227203,
    0.34920734167099,
    0.3013737457139151,
    0.3526621844087328,
    0.3737781494855881,
    0.33721616864204407,
    0.3720157742500305,
    0.30489241012505125,
    0.433307592357908,
    0.3496412123952593,
    0.3482573947736195,
    0.34422840603760313,
    0.4172465886388506,
    0.32993348368576597,
    0.3369360225541251,
    0.2891720873968942,
    0.3671540915966034,
    0.3185137893472399,
    0.29709167991365704,
    0.31954364265714374,
    0.38796951515333994,
    0.3641218032155718,
    0.35688244870730806,
    0.36617208804403034,
    0.34691249472754343,
    0.29527394686426434,
    0.32354639044829775,
    0.31293976519789013,
    0.40915677164282116,
    0.40904674785477774,
    0.2919777418885912,
    0.32563348753111704,
    0.2961024194955826,
    0.346297276871545,
    0.36588401240961893
  ],
  "train_objective_loss": [
    1.258275372641427,
    1.2630863359996252,
    1.1499183518545968,
    1.1129840016365051,
    1.0948203461510795,
    0.9746630276952472,
    0.9832639694213867,
    0.8729074001312256,
    0.7668516124997821,
    0.637177084173475,
    0.5733323863574437,
    0.6204731123788017,
    0.6427947751113346,
    0.5320503754275185,
    0.5220791186605181,
    0.5110036730766296,
    0.5250355771609715,
    0.42833935362952097,
    0.46153418506894794,
    0.4251943826675415,
    0.414720105273383,
    0.4763656939779009,
    0.36318862651075634,
    0.461813075201852,
    0.4045711372579847,
    0.37297816361699787,
    0.36523786187171936,
    0.4522857538291386,
    0.327926048210689,
    0.3549871934311731,
    0.328831855739866,
    0.3822243022067206,
    0.35807980597019196,
    0.4093939789703914,
    0.3638349345752171,
    0.3547668159008026,
    0.39453878573008944,
    0.39292510066713604,
    0.25873259135654997,
    0.3326125570705959,
    0.36569060385227203,
    0.34920734167099,
    0.3013737457139151,
    0.3526621844087328,
    0.3737781494855881,
    0.33721616864204407,
    0.3720157742500305,
    0.30489241012505125,
    0.433307592357908,
    0.3496412123952593,
    0.3482573947736195,
    0.34422840603760313,
    0.4172465886388506,
    0.32993348368576597,
    0.3369360225541251,
    0.2891720873968942,
    0.3671540915966034,
    0.3185137893472399,
    0.29709167991365704,
    0.31954364265714374,
    0.38796951515333994,
    0.3641218032155718,
    0.35688244870730806,
    0.36617208804403034,
    0.34691249472754343,
    0.29527394686426434,
    0.32354639044829775,
    0.31293976519789013,
    0.40915677164282116,
    0.40904674785477774,
    0.2919777418885912,
    0.32563348753111704,
    0.2961024194955826,
    0.346297276871545,
    0.36588401240961893
  ],
  "val_loss": [
    1.2003350257873535,
    1.1960147023200989,
    1.1898448467254639,
    1.181156873703003,
    1.1685103178024292,
    1.1484268307685852,
    1.1205005049705505,
    1.0753144025802612,
    1.0012895464897156,
    0.8869889974594116,
    0.7365696132183075,
    0.578763946890831,
    0.4999239593744278,
    0.47224852442741394,
    0.46728476881980896,
    0.4733542203903198,
    0.49671004712581635,
    0.5045276433229446,
    0.513818085193634,
    0.5181028991937637,
    0.5240032374858856,
    0.5502186864614487,
    0.5435643792152405,
    0.5509775578975677,
    0.5554001480340958,
    0.5509983450174332,
    0.5740277767181396,
    0.5959894359111786,
    0.5972648859024048,
    0.5772939622402191,
    0.5880628824234009,
    0.5918742418289185,
    0.6086871325969696,
    0.620281994342804,
    0.6130775958299637,
    0.5982457846403122,
    0.6160886436700821,
    0.6228941380977631,
    0.618172898888588,
    0.6406785100698471,
    0.6316530406475067,
    0.6257536262273788,
    0.6304995715618134,
    0.6155925095081329,
    0.62960185110569,
    0.6410888880491257,
    0.6196114420890808,
    0.6099368780851364,
    0.6116170585155487,
    0.608945295214653,
    0.6108845472335815,
    0.6097191274166107,
    0.6119364947080612,
    0.6105165481567383,
    0.6202482730150223,
    0.6268752962350845,
    0.6261031627655029,
    0.6287246644496918,
    0.637127622961998,
    0.6175496876239777,
    0.6136153936386108,
    0.6272226721048355,
    0.6308312714099884,
    0.6298834681510925,
    0.6287893950939178,
    0.6293374001979828,
    0.6311493813991547,
    0.6234470754861832,
    0.6399830430746078,
    0.6219837963581085,
    0.6353199630975723,
    0.6390315294265747,
    0.6302338987588882,
    0.6240476816892624,
    0.6441296339035034
  ],
  "val_ccc": [
    0.0003748014569282532,
    0.0009533268166705966,
    0.0020487718284130096,
    0.0041240062564611435,
    0.008099524304270744,
    0.01599963754415512,
    0.030260879546403885,
    0.057648926973342896,
    0.1088983342051506,
    0.19536429643630981,
    0.3158714175224304,
    0.44842132925987244,
    0.5273594260215759,
    0.5591928958892822,
    0.5744972825050354,
    0.5728713274002075,
    0.5581265687942505,
    0.5457659959793091,
    0.5352351665496826,
    0.5274887084960938,
    0.5223795771598816,
    0.5068566203117371,
    0.5117470622062683,
    0.5001054406166077,
    0.4957869350910187,
    0.49812108278274536,
    0.47656282782554626,
    0.45950746536254883,
    0.45886534452438354,
    0.46896135807037354,
    0.46115654706954956,
    0.4565562307834625,
    0.4457385838031769,
    0.44002610445022583,
    0.4462098479270935,
    0.4539734721183777,
    0.44227951765060425,
    0.4369300603866577,
    0.43609508872032166,
    0.4209800064563751,
    0.42874905467033386,
    0.43400782346725464,
    0.4299723505973816,
    0.44078540802001953,
    0.4278787672519684,
    0.42054441571235657,
    0.4334861636161804,
    0.43784695863723755,
    0.4375503957271576,
    0.4391458034515381,
    0.4377627372741699,
    0.43961548805236816,
    0.4394181966781616,
    0.4405599534511566,
    0.4332515597343445,
    0.4255427420139313,
    0.42781850695610046,
    0.42587271332740784,
    0.4220268130302429,
    0.43488767743110657,
    0.435934454202652,
    0.4269563555717468,
    0.4249846339225769,
    0.4242655336856842,
    0.42636415362358093,
    0.4260355234146118,
    0.4257059097290039,
    0.431129515171051,
    0.41909441351890564,
    0.4320093095302582,
    0.4213438332080841,
    0.4183511734008789,
    0.4249754548072815,
    0.4300019443035126,
    0.4155297577381134
  ],