{
  "train": {
    "ccc": 0.778470676998293,
    "rmse": 3.7718937397003174,
    "mae": 3.025066614151001,
    "mse": 14.227182388305664
  },
  "validation": {
    "ccc": 0.5318151220414234,
    "rmse": 4.973242282867432,
    "mae": 3.5596981048583984,
    "mse": 24.733137130737305
  },
  "test": {
    "ccc": 0.5327403615835183,
    "rmse": 5.206020832061768,
    "mae": 3.991830348968506,
    "mse": 27.102651596069336
  },
  "best_epoch": 18,
  "training_time_s": 139.37351189999936,
  "total_params": 4629,
  "timestamp": "2026-04-19T21:45:04.077088"
}